ctx_tokens,prefill_tokens,prefill_tps,gen_tokens,gen_tps,gen_first_ms,gen_steady_tokens,gen_steady_tps,kvcache_bytes
2048,2048,620.85,128,41.41,26.122,127,41.50,183560284
4096,2048,588.23,128,41.12,34.657,127,41.32,248088668
6144,2048,589.27,128,41.14,28.746,127,41.26,312617052
8192,2048,590.22,128,41.14,27.827,127,41.25,377145436
10240,2048,593.26,128,41.10,27.367,127,41.20,441673820
12288,2048,591.60,128,41.06,27.720,127,41.16,506202204
14336,2048,589.74,128,41.13,28.157,127,41.24,570730588
16384,2048,589.85,128,40.93,33.203,127,41.10,635258972
18432,2048,592.82,128,41.03,26.780,127,41.12,699787356
20480,2048,589.51,128,41.05,27.886,127,41.15,764315740
22528,2048,587.33,128,41.11,27.441,127,41.21,828844124
24576,2048,585.32,128,41.16,27.904,127,41.26,893372508
26624,2048,585.58,128,40.96,31.041,127,41.10,957900892
28672,2048,587.95,128,40.97,26.551,127,41.06,1022429276
30720,2048,586.83,128,41.04,26.464,127,41.13,0
32768,2048,583.97,128,40.95,26.507,127,41.04,0
34816,2048,587.26,128,40.91,27.013,127,41.00,0
36864,2048,586.75,128,41.04,26.219,127,41.12,0
38912,2048,584.69,128,40.91,25.955,127,40.98,0
40960,2048,582.53,128,40.93,27.347,127,41.02,0
43008,2048,580.98,128,40.86,26.793,127,40.95,0
45056,2048,584.58,128,40.93,26.649,127,41.01,0
47104,2048,585.12,128,40.83,25.967,127,40.91,0
49152,2048,582.98,128,40.77,26.325,127,40.86,0
51200,2048,582.85,128,40.77,26.370,127,40.85,0
53248,2048,581.81,128,40.83,26.338,127,40.91,0
55296,2048,581.78,128,40.77,25.901,127,40.84,0
57344,2048,581.96,128,40.73,29.618,127,40.85,0
59392,2048,581.74,128,40.78,26.466,127,40.86,0
61440,2048,581.91,128,40.75,27.054,127,40.84,0
63488,2048,581.20,128,40.70,26.295,127,40.78,0
65536,2048,579.29,128,40.66,26.792,127,40.74,0
