time,free_pg,active_pg,inactive_pg,wired_pg,compressor_pg,swapins,swapouts,pageouts,disk_MBps,swap_used,therm_warn
20:09:09,170158,533676,3260184,152604,23511,11204566,18135706,731056,484.35,1808.12M,0
20:09:14,5023,256082,734737,3123414,23506,11204566,18135706,731121,10.78,1808.12M,0
20:09:20,7779,248458,734580,3128661,23506,11204566,18135706,731121,10.68,1808.12M,0
20:09:25,3913,267081,734584,3113635,23506,11204566,18135706,731121,0.00,1808.12M,0
20:09:30,4696,248726,734593,3131211,23499,11204566,18135706,731131,0.00,1808.12M,0
20:09:35,6877,254297,734537,3123376,23499,11204566,18135706,731157,465.19,1808.12M,0
20:09:40,5431,247996,734518,3131124,23499,11204566,18135706,731170,10.99,1808.12M,0
20:09:46,3973,264885,734508,3115554,23499,11204566,18135706,731175,8.95,1808.12M,0
20:09:51,7128,265140,734492,3112475,23499,11204566,18135706,731175,0.03,1808.12M,0
20:09:56,7339,254630,734494,3123229,23499,11204566,18135706,731175,39.01,1808.12M,0
20:10:01,4312,239637,734444,3141107,23498,11204566,18135706,731192,99.74,1808.12M,0
20:10:07,8857,244718,734460,3130959,23485,11204566,18135706,731204,10.57,1808.12M,0
20:10:12,13247,258043,734468,3113365,23466,11204590,18135706,731204,10.41,1792.12M,0
20:10:17,11039,242005,734560,3130733,23327,11204670,18135706,731204,0.01,1792.12M,0
20:10:22,7133,253346,734561,3123186,23327,11204670,18135706,731204,474.94,1792.12M,0
20:10:27,5991,255506,734551,3123210,23327,11204670,18135706,731224,10.56,1792.12M,0
20:10:33,7458,248996,734569,3128446,23327,11204670,18135706,731248,10.52,1792.12M,0
20:10:38,4962,267711,734569,3112276,23321,11204670,18135706,731248,0.00,1792.12M,0
20:10:43,5287,248712,734568,3130961,23318,11204670,18135706,731270,0.11,1792.12M,0
20:10:48,8212,253668,734541,3123087,23318,11204670,18135706,731272,450.52,1792.12M,0
20:10:54,16325,237918,734541,3130600,23318,11204670,18135706,731272,0.00,1792.12M,0
20:10:59,20431,251981,734542,3112231,23318,11204670,18135706,731272,453.29,1792.12M,0
20:11:04,8326,245763,734660,3130541,23333,11204694,18135706,731346,0.05,1792.12M,0
20:11:09,13560,255868,734662,3115306,23331,11204694,18135706,731346,452.11,1792.12M,0
20:11:15,20592,233151,734665,3130544,23331,11204694,18135706,731346,11.38,1792.12M,0
20:11:20,18915,252158,735133,3112173,23414,11204830,18135706,731346,444.84,1792.12M,0
20:11:25,18324,252101,735135,3112227,23374,11204830,18135706,731346,0.00,1792.12M,0
20:11:30,17596,253242,735125,3112176,23374,11204830,18135706,731346,464.43,1792.12M,0
20:11:35,18320,234856,735125,3130531,23374,11204830,18135706,731346,0.00,1792.12M,0
20:11:41,18097,253208,735135,3112164,23374,11204830,18135706,731346,471.35,1792.12M,0
20:11:46,17653,242392,735137,3123000,23374,11204830,18135706,731346,10.64,1792.12M,0
20:11:51,17181,263529,735143,3102669,23393,11204862,18135706,731346,134.41,1792.12M,0
20:11:56,17079,253965,735145,3112221,23387,11204862,18135706,731346,0.00,1792.12M,0
20:12:01,3927,250836,735080,3129847,23387,11204862,18135706,731366,320.12,1792.12M,0
20:12:07,12707,259166,735068,3112082,23387,11204862,18135706,731366,0.00,1792.12M,0
20:12:12,20691,253945,735073,3109578,23387,11204862,18135706,731366,303.24,1792.12M,0
20:12:17,17954,253915,735102,3112268,23391,11204874,18135706,731366,0.00,1792.12M,0
20:12:22,17595,253906,735104,3112199,23381,11204874,18135706,731366,280.88,1792.12M,0
20:12:27,17911,253865,735109,3112199,23381,11204874,18135706,731366,0.00,1792.12M,0
20:12:33,17809,253085,735109,3113264,23381,11204874,18135706,731366,445.22,1792.12M,0
20:12:38,19491,234726,735109,3130570,23381,11204874,18135706,731366,0.00,1792.12M,0
20:12:43,11874,256519,735722,3112237,23445,11205234,18135706,731366,442.75,1792.12M,0
20:12:48,3620,237943,734256,3139987,23456,11205350,18135706,731377,10.69,1784.12M,0
20:12:53,14858,264002,733676,3102789,23484,11205386,18135706,731377,208.60,1784.12M,0
20:12:58,7729,261485,733690,3112305,23520,11205446,18135706,731377,37.18,1776.12M,0
20:13:04,4432,245921,733044,3132339,24017,11206144,18135706,731469,443.22,1776.12M,0
20:13:09,20076,248555,734448,3112296,24008,11206156,18135706,731469,0.00,1776.12M,0
20:13:14,25938,243195,734422,3112241,24008,11206156,18135706,731469,425.09,1776.12M,0
20:13:19,23388,244547,734488,3112268,23980,11206188,18135706,731469,1.54,1776.12M,0
20:13:25,23222,244849,734510,3112281,23990,11206204,18135706,731469,400.92,1776.12M,0
20:13:30,22947,245051,734575,3112296,23975,11206212,18135706,731469,0.04,1776.12M,0
20:13:35,21327,245473,734588,3113359,23974,11206212,18135706,731469,463.38,1776.12M,0
20:13:40,21719,245488,734589,3112329,23966,11206212,18135706,731469,4.19,1776.12M,0
20:13:45,23068,246671,734702,3112201,23966,11206324,18135706,731470,458.38,1768.12M,0
20:13:51,22665,228252,734703,3130560,23963,11206324,18135706,731470,0.00,1768.12M,0
20:13:56,23154,235763,734715,3123087,23963,11206324,18135706,731470,255.38,1768.12M,0
20:14:01,6101,245739,734719,3129902,23959,11206324,18135706,731470,0.00,1768.12M,0
20:14:06,12696,256918,734721,3112209,23959,11206324,18135706,731470,129.58,1768.12M,0
20:14:11,20892,249133,734701,3112134,23959,11206324,18135706,731470,0.00,1768.12M,0
20:14:16,23331,245681,734701,3113215,23959,11206324,18135706,731470,208.46,1768.12M,0
20:14:22,27007,242728,734701,3111964,23971,11206336,18135706,731470,0.00,1768.12M,0
20:14:27,27111,242615,734701,3112016,23971,11206336,18135706,731470,109.55,1768.12M,0
20:14:32,28253,241632,734701,3111997,23955,11206340,18135706,731470,0.00,1768.12M,0
20:14:37,28808,241275,734701,3111425,23955,11206340,18135706,731470,258.09,1768.12M,0
20:14:43,28760,241330,734701,3111926,23954,11206340,18135706,731470,0.69,1768.12M,0
20:14:48,28011,241356,734703,3111924,23954,11206340,18135706,731470,268.93,1768.12M,0
20:14:53,28231,241341,734703,3111979,23954,11206340,18135706,731470,0.00,1768.12M,0
20:14:58,30715,241331,734703,3109381,23954,11206344,18135706,731470,179.98,1768.12M,0
20:15:04,11289,230363,734710,3139761,23954,11206344,18135706,731470,10.45,1768.12M,0
20:15:09,22674,228496,734712,3130295,23954,11206344,18135706,731470,0.00,1768.12M,0
20:15:14,26761,241410,734717,3113011,23954,11206344,18135706,731470,239.96,1768.12M,0
20:15:19,27861,223031,734719,3130334,23954,11206344,18135706,731470,0.00,1768.12M,0
20:15:25,29097,241090,734721,3111909,23946,11206344,18135706,731470,287.19,1768.12M,0
20:15:30,29008,222623,734721,3130315,23946,11206344,18135706,731470,0.04,1768.12M,0
20:15:35,29045,241044,734721,3111884,23946,11206344,18135706,731470,228.62,1768.12M,0
20:15:40,28286,222686,734721,3130252,23946,11206344,18135706,731470,1.10,1768.12M,0
20:15:45,27756,241006,734721,3112970,23946,11206344,18135706,731470,224.91,1768.12M,0
20:15:51,28981,222678,734721,3130252,23946,11206344,18135706,731470,0.00,1768.12M,0
20:15:56,28759,241032,734723,3111888,23946,11206344,18135706,731470,152.62,1768.12M,0
20:16:01,11483,221833,734723,3147997,23946,11206344,18135706,731470,0.00,1768.12M,0
20:16:06,18296,251589,734723,3111948,23946,11206344,18135706,731470,104.79,1768.12M,0
20:16:11,18853,232996,734738,3130252,23944,11206344,18135706,731473,0.00,1768.12M,0
20:16:17,26711,232979,734738,3122738,23944,11206344,18135706,731473,436.98,1768.12M,0
20:16:22,28488,222703,734738,3130253,23942,11206344,18135706,731473,0.00,1768.12M,0
20:16:27,28283,241034,734738,3111899,23942,11206344,18135706,731473,435.46,1768.12M,0
20:16:32,28647,222925,734752,3130216,23926,11206356,18135706,731473,0.03,1768.12M,0
20:16:37,27595,242128,734752,3111868,23925,11206356,18135706,731473,458.23,1768.12M,0
20:16:43,27294,223719,734753,3130239,23925,11206356,18135706,731473,0.17,1768.12M,0
20:16:48,27423,242076,734753,3111925,23925,11206356,18135706,731473,450.69,1768.12M,0
20:16:53,27206,223777,734752,3130236,23922,11206356,18135706,731473,0.00,1768.12M,0
20:16:58,27177,242097,734752,3111865,23922,11206356,18135706,731473,390.90,1768.12M,0
20:17:03,10487,223470,734752,3147290,23918,11206356,18135706,731473,0.00,1768.12M,0
20:17:09,20796,247554,734752,3112951,23918,11206356,18135706,731473,372.35,1768.12M,0
20:17:14,27692,223822,734754,3130239,23922,11206360,18135706,731473,0.00,1768.12M,0
20:17:19,27761,241776,734754,3111853,23922,11206360,18135706,731473,204.91,1768.12M,0
20:17:24,28052,223384,734754,3130253,23922,11206360,18135706,731473,0.00,1768.12M,0
20:17:29,27827,241464,734754,3111829,23922,11206360,18135706,731473,0.00,1768.12M,0
20:17:35,28055,222768,734754,3130526,23922,11206360,18135706,731473,0.00,1768.12M,0
20:17:40,28222,241460,734754,3111828,23922,11206360,18135706,731473,469.51,1768.12M,0
20:17:45,18077,232361,734886,3130432,23921,11206368,18135706,731473,0.07,1768.12M,0
20:17:50,19344,249785,734894,3112100,23918,11206368,18135706,731473,455.85,1768.12M,0
20:17:55,18619,231327,734893,3130453,23918,11206368,18135706,731473,0.06,1768.12M,0
20:18:01,18462,249706,734894,3112046,23912,11206368,18135706,731473,435.92,1768.12M,0
20:18:06,13740,239540,734942,3130376,23911,11206368,18135706,731554,0.01,1768.12M,0
20:18:11,18566,252250,734946,3113035,23911,11206368,18135706,731554,445.41,1768.12M,0
20:18:16,22057,230908,734946,3130335,23911,11206368,18135706,731554,0.00,1768.12M,0
20:18:22,22359,249229,734946,3112024,23911,11206368,18135706,731554,436.78,1768.12M,0
20:18:27,22472,230958,734886,3130339,23911,11206368,18135706,731554,0.00,1768.12M,0
20:18:32,22524,249284,734892,3111968,23904,11206368,18135706,731554,503.38,1768.12M,0
20:18:37,22398,230823,734892,3130371,23904,11206368,18135706,731554,0.00,1768.12M,0
20:18:42,26024,246512,734894,3111863,23904,11206368,18135706,731554,444.67,1768.12M,0
20:18:48,22484,231404,734868,3130348,23904,11206368,18135706,731554,0.00,1768.12M,0
20:18:53,22107,238839,734868,3122790,23904,11206368,18135706,731554,472.58,1768.12M,0
20:18:58,22278,249254,734868,3111919,23904,11206368,18135706,731554,0.00,1768.12M,0
20:19:03,5122,249381,734868,3128985,23886,11206372,18135706,731554,447.26,1768.12M,0
20:19:09,16473,255111,734868,3111934,23886,11206372,18135706,731554,0.00,1768.12M,0
20:19:14,22015,249566,734868,3111994,23886,11206372,18135706,731554,465.23,1768.12M,0
20:19:19,22185,249544,734868,3111992,23886,11206372,18135706,731554,0.00,1768.12M,0
20:19:24,22538,249610,734868,3111914,23886,11206372,18135706,731554,449.72,1768.12M,0
20:19:30,22453,231240,734868,3130286,23886,11206372,18135706,731554,0.00,1768.12M,0
20:19:35,22275,249493,734868,3111969,23886,11206372,18135706,731554,425.63,1768.12M,0
20:19:40,22432,249542,734868,3111967,23878,11206372,18135706,731554,0.58,1768.12M,0
20:19:45,18951,249513,734868,3115050,23878,11206372,18135706,731554,448.07,1768.12M,0
20:19:50,25614,227772,734868,3130127,23878,11206372,18135706,731554,0.13,1768.12M,0
20:19:56,25242,246499,734868,3111804,23877,11206372,18135706,731554,444.68,1768.12M,0
20:20:01,8540,245483,734868,3129676,23877,11206372,18135706,731554,0.03,1768.12M,0
20:20:06,17235,254645,734868,3111799,23877,11206372,18135706,731554,452.98,1768.12M,0
20:20:12,22420,249490,734868,3111799,23877,11206372,18135706,731554,0.00,1768.12M,0
20:20:17,25892,235225,734868,3122653,23876,11206372,18135706,731554,143.69,1768.12M,0
20:20:22,17398,254499,734868,3111852,23861,11206372,18135706,731554,0.00,1768.12M,0
20:20:27,22387,231033,734868,3130165,23861,11206372,18135706,731554,0.00,1768.12M,0
20:20:32,25683,246161,734868,3111798,23861,11206372,18135706,731554,0.00,1768.12M,0
20:20:38,25562,227783,734868,3130154,23861,11206372,18135706,731554,0.00,1768.12M,0
20:20:43,25907,246104,734868,3111843,23861,11206372,18135706,731554,0.00,1768.12M,0
20:20:48,26042,227762,734868,3130196,23855,11206372,18135706,731554,0.09,1768.12M,0
20:20:53,26361,245769,734868,3111746,23855,11206372,18135706,731554,0.00,1768.12M,0
20:20:58,26279,245711,734868,3111746,23855,11206372,18135706,731554,54.08,1768.12M,0
20:21:04,9630,245540,734868,3128751,23855,11206372,18135706,731554,0.00,1768.12M,0
20:21:09,20144,251157,734868,3111811,23855,11206372,18135706,731554,172.86,1768.12M,0
20:21:14,25762,245658,734868,3111814,23855,11206372,18135706,731554,0.00,1768.12M,0
20:21:19,24796,245669,734868,3112842,23855,11206372,18135706,731554,215.33,1768.12M,0
20:21:24,25898,245721,734868,3111760,23855,11206372,18135706,731554,0.00,1768.12M,0
20:21:30,14359,256194,734876,3112847,23853,11206372,18135706,731554,437.70,1768.12M,0
20:21:35,4709,266165,734878,3111824,23855,11206376,18135706,731554,1.98,1768.12M,0
20:21:40,19325,251699,734873,3111842,23851,11206380,18135706,731554,11.58,1768.12M,0
20:21:45,24337,255786,734877,3102291,23850,11206380,18135706,731554,0.05,1768.12M,0
20:21:51,24535,227928,734877,3130149,23850,11206380,18135706,731554,0.10,1768.12M,0
20:21:56,15861,254615,734877,3111838,23853,11206384,18135706,731554,0.06,1768.12M,0
20:22:01,4472,230317,734884,3147900,23853,11206384,18135706,731554,0.11,1768.12M,0
20:22:06,15354,255353,734884,3111852,23857,11206388,18135706,731554,86.80,1768.12M,0
20:22:11,20441,231800,734886,3130222,23857,11206388,18135706,731554,0.00,1768.12M,0
20:22:17,19976,249082,735143,3111919,23501,11206436,18135706,731554,85.27,1768.12M,0
20:22:22,19768,230613,735142,3130276,23501,11206436,18135706,731554,0.00,1768.12M,0
20:22:27,19508,248990,735142,3111853,23491,11206436,18135706,731554,0.00,1768.12M,0
20:22:32,19412,230598,735142,3130260,23491,11206436,18135706,731554,0.00,1768.12M,0
20:22:38,19709,248973,735142,3111816,23491,11206436,18135706,731554,0.00,1768.12M,0
20:22:43,20363,230184,735143,3130170,23491,11206436,18135706,731554,0.00,1768.12M,0
20:22:48,20407,248493,735143,3111802,23491,11206436,18135706,731554,47.87,1768.12M,0
20:22:53,20193,230159,735143,3130202,23491,11206436,18135706,731554,0.00,1768.12M,0
20:22:59,20673,248498,735143,3111795,23491,11206436,18135706,731554,0.00,1768.12M,0
20:23:04,8083,245504,735149,3130295,23490,11206436,18135706,731591,0.00,1768.12M,0
20:23:09,19484,252495,735149,3111882,23490,11206436,18135706,731591,0.00,1768.12M,0
20:23:14,24629,228291,735149,3130583,23490,11206436,18135706,731591,0.05,1768.12M,0
20:23:19,25484,246970,735149,3111885,23490,11206436,18135706,731591,414.23,1768.12M,0
20:23:25,25517,228551,735149,3130277,23490,11206436,18135706,731591,0.00,1768.12M,0
20:23:30,25233,246924,735149,3111870,23490,11206436,18135706,731591,435.11,1768.12M,0
20:23:35,24887,228606,735149,3130278,23482,11206436,18135706,731591,0.00,1768.12M,0
20:23:40,23644,246942,735149,3112947,23485,11206440,18135706,731591,433.91,1768.12M,0
20:23:46,24990,228591,735149,3130273,23485,11206440,18135706,731591,0.03,1768.12M,0
20:23:51,25126,246970,735149,3111862,23485,11206440,18135706,731591,452.66,1768.12M,0
20:23:56,25010,228583,735149,3130270,23489,11206444,18135706,731591,0.18,1768.12M,0
20:24:01,7542,246257,735168,3129620,23495,11206452,18135706,731591,439.39,1768.12M,0
20:24:07,14519,238888,735188,3130390,23499,11206460,18135706,731591,0.00,1768.12M,0
20:24:12,19514,251909,735192,3112036,23492,11206460,18135706,731591,460.52,1768.12M,0
20:24:17,23103,230091,735194,3130386,23492,11206460,18135706,731591,0.00,1768.12M,0
20:24:22,21882,248394,735194,3113045,23492,11206460,18135706,731591,417.46,1768.12M,0
20:24:28,23196,229952,735194,3130363,23492,11206460,18135706,731591,0.00,1768.12M,0
20:24:33,22178,249096,735194,3112032,23492,11206460,18135706,731591,451.78,1768.12M,0
20:24:38,22699,230743,735164,3130377,23492,11206460,18135706,731591,0.00,1768.12M,0
20:24:43,21889,249374,735165,3111997,23492,11206460,18135706,731591,2.87,1768.12M,0
20:24:48,21483,240502,735192,3120871,23490,11206460,18135706,731591,0.00,1768.12M,0
20:24:54,21119,249590,735193,3112011,23480,11206460,18135706,731591,445.68,1768.12M,0
20:24:59,21418,231087,735192,3130377,23480,11206460,18135706,731591,0.00,1768.12M,0
20:25:04,7793,261064,735205,3114926,23480,11206460,18135706,731632,445.93,1768.12M,0
20:25:09,21937,231446,735205,3130160,23474,11206460,18135706,731632,0.00,1768.12M,0
20:25:14,27817,244275,735205,3111790,23474,11206460,18135706,731632,444.82,1768.12M,0
20:25:20,28717,225181,735205,3130182,23474,11206460,18135706,731632,0.00,1768.12M,0
20:25:25,25497,243534,735205,3114891,23474,11206460,18135706,731632,460.43,1768.12M,0
20:25:30,28724,243517,735205,3111813,23474,11206460,18135706,731632,0.00,1768.12M,0
20:25:36,28776,243555,735205,3111733,23472,11206460,18135706,731632,442.81,1768.12M,0
20:25:41,28747,225243,735205,3130104,23472,11206460,18135706,731632,0.04,1768.12M,0
20:25:46,28455,243569,735205,3111736,23472,11206460,18135706,731632,445.74,1768.12M,0
20:25:51,28776,242097,735205,3113198,23472,11206460,18135706,731632,0.03,1768.12M,0
20:25:57,27790,243550,735205,3112820,23472,11206460,18135706,731632,440.73,1768.12M,0
20:26:02,11065,224638,735203,3147886,23472,11206460,18135706,731632,0.00,1768.12M,0
20:26:07,20014,251998,735203,3111694,23466,11206460,18135706,731632,449.87,1768.12M,0
20:26:12,8205,228542,735208,3147117,23466,11206460,18135706,731632,1.86,1768.12M,0
20:26:17,20872,250686,735215,3111790,23465,11206460,18135706,731632,461.70,1768.12M,0
20:26:23,24951,227940,735222,3130408,23465,11206460,18135706,731632,10.33,1768.12M,0
20:26:28,26445,253265,735222,3103301,23465,11206460,18135706,731632,442.37,1768.12M,0
20:26:33,27610,243865,735222,3111713,23465,11206460,18135706,731632,0.17,1768.12M,0
20:26:38,27735,243784,735224,3111748,23469,11206464,18135706,731632,478.76,1768.12M,0
20:26:43,27610,243825,735224,3111749,23469,11206464,18135706,731632,0.44,1768.12M,0
20:26:49,14936,256559,735182,3111707,23483,11206488,18135706,731632,426.53,1768.12M,0
20:26:54,22915,229726,735182,3130041,23481,11206488,18135706,731632,0.00,1768.12M,0
20:26:59,27319,243756,735182,3111673,23481,11206488,18135706,731632,455.82,1768.12M,0
20:27:04,15157,256153,735182,3111686,23485,11206492,18135706,731632,0.00,1768.12M,0
20:27:10,22925,248136,735188,3111736,23471,11206492,18135706,731632,442.98,1768.12M,0
20:27:15,27521,243620,735192,3111738,23471,11206492,18135706,731632,0.00,1768.12M,0
20:27:20,27481,243596,735192,3111790,23471,11206492,18135706,731632,458.86,1768.12M,0
20:27:25,27665,243505,735192,3111722,23471,11206492,18135706,731632,0.00,1768.12M,0
20:27:30,28085,243602,735192,3111737,23470,11206492,18135706,731632,442.34,1768.12M,0
20:27:36,28119,225235,735192,3130104,23470,11206492,18135706,731632,0.00,1768.12M,0
20:27:41,27839,243578,735192,3111781,23470,11206492,18135706,731632,437.42,1768.12M,0
20:27:46,22298,227750,736522,3130136,23469,11206496,18135706,731632,0.05,1768.12M,0
20:27:51,22917,246012,736522,3111727,23469,11206496,18135706,731632,443.35,1768.12M,0
20:27:57,22928,227512,736522,3130093,23469,11206496,18135706,731632,0.05,1768.12M,0
20:28:02,5158,245318,736522,3129201,23469,11206496,18135706,731632,6.02,1768.12M,0
20:28:07,15173,244068,736484,3120612,23469,11206496,18135706,731632,0.03,1768.12M,0
20:28:12,19377,248700,736492,3111711,23469,11206496,18135706,731632,411.13,1768.12M,0
20:28:17,19773,248730,736492,3111849,23474,11206504,18135706,731632,0.00,1768.12M,0
20:28:23,18835,248636,736489,3112912,23473,11206504,18135706,731632,431.54,1768.12M,0
20:28:28,19900,248539,736489,3111884,23473,11206504,18135706,731632,0.00,1768.12M,0
20:28:33,19579,248624,736489,3111831,23471,11206504,18135706,731632,259.36,1768.12M,0
20:28:38,19960,248555,736489,3111822,23471,11206504,18135706,731632,0.00,1768.12M,0
20:28:43,18962,248515,736489,3112909,23471,11206504,18135706,731632,348.76,1768.12M,0
20:28:49,19418,248551,736489,3111827,23471,11206504,18135706,731632,0.00,1768.12M,0
20:28:54,18964,248509,736489,3112904,23471,11206504,18135706,731632,439.39,1768.12M,0
20:28:59,19815,248543,736489,3111825,23471,11206504,18135706,731632,0.00,1768.12M,0
20:29:04,10493,259428,736515,3112881,23471,11206504,18135706,731664,450.98,1768.12M,0
20:29:10,19675,251226,736515,3111842,23471,11206504,18135706,731664,0.74,1768.12M,0
20:29:15,23693,246839,736515,3111790,23471,11206504,18135706,731664,448.81,1768.12M,0
20:29:20,27385,225788,736517,3130032,23470,11206504,18135706,731664,0.00,1768.12M,0
20:29:25,23508,247811,736519,3111827,23470,11206504,18135706,731664,439.77,1768.12M,0
20:29:31,23461,247640,736519,3111880,23470,11206504,18135706,731664,0.00,1768.12M,0
20:29:36,22459,247602,736519,3112910,23470,11206504,18135706,731664,441.41,1768.12M,0
20:29:41,22791,229723,736519,3130189,23470,11206504,18135706,731664,0.01,1768.12M,0
20:29:46,20967,249114,736651,3111891,23470,11206504,18135706,731664,6.38,1768.12M,0
20:29:51,20762,258621,736651,3102342,23470,11206504,18135706,731664,0.03,1768.12M,0
20:29:57,20563,249080,736651,3111888,23470,11206504,18135706,731664,368.36,1768.12M,0
20:30:02,3841,248599,736685,3129381,23470,11206504,18135706,731725,0.09,1768.12M,0
20:30:07,13517,256167,736690,3111794,23470,11206504,18135706,731725,337.96,1768.12M,0
20:30:12,17895,252061,736698,3111810,23470,11206504,18135706,731725,0.00,1768.12M,0
20:30:17,20695,249176,736698,3111807,23470,11206504,18135706,731725,406.22,1768.12M,0
20:30:23,20529,249140,736698,3111784,23470,11206504,18135706,731725,0.00,1768.12M,0
20:30:28,23435,246063,736698,3111691,23470,11206504,18135706,731725,393.96,1768.12M,0
20:30:33,23836,246007,736698,3111691,23470,11206504,18135706,731725,0.00,1768.12M,0
20:30:38,24227,246056,736700,3111625,23470,11206504,18135706,731725,448.17,1768.12M,0
20:30:44,24015,245648,736699,3111613,23470,11206504,18135706,731725,0.03,1768.12M,0
20:30:49,22431,244516,736699,3114726,23470,11206504,18135706,731725,444.09,1768.12M,0
20:30:54,25424,244541,736699,3111591,23470,11206504,18135706,731725,0.06,1768.12M,0
20:30:59,25422,244781,736644,3111621,23470,11206504,18135706,731725,441.23,1768.12M,0
20:31:04,12636,238949,736644,3130042,23470,11206504,18135706,731725,0.00,1768.12M,0
20:31:10,21071,249172,736644,3111634,23470,11206504,18135706,731725,436.92,1768.12M,0
20:31:15,25529,226407,736644,3130007,23470,11206504,18135706,731725,0.00,1768.12M,0
20:31:20,25903,244534,736644,3111607,23470,11206504,18135706,731725,448.93,1768.12M,0
20:31:25,24751,244764,736644,3111626,23470,11206504,18135706,731725,0.02,1768.12M,0
20:31:31,24415,244376,736644,3112693,23470,11206504,18135706,731725,446.74,1768.12M,0
20:31:36,25203,233506,736644,3122501,23470,11206504,18135706,731725,10.43,1768.12M,0
20:31:41,25396,253870,736644,3102104,23470,11206504,18135706,731725,366.49,1768.12M,0
20:31:46,25290,244391,736644,3111603,23470,11206504,18135706,731725,0.00,1768.12M,0
20:31:51,25116,244378,736644,3111603,23470,11206504,18135706,731725,440.21,1768.12M,0
20:31:57,25288,244396,736646,3111604,23470,11206504,18135706,731725,0.06,1768.12M,0
20:32:02,7999,243484,736649,3130397,23470,11206504,18135706,731725,364.59,1768.12M,0
20:32:07,17257,252657,736657,3111653,23470,11206504,18135706,731725,0.87,1768.12M,0
20:32:12,15982,252082,736671,3114701,23470,11206504,18135706,731784,342.99,1768.12M,0
20:32:17,28905,242010,736676,3111625,23470,11206504,18135706,731784,0.03,1768.12M,0
20:32:23,28497,241840,736676,3111571,23470,11206504,18135706,731784,449.14,1768.12M,0
20:32:28,28536,242148,736676,3111599,23470,11206504,18135706,731784,0.00,1768.12M,0
20:32:33,24609,242138,736676,3114734,23470,11206504,18135706,731784,455.07,1768.12M,0
20:32:38,28156,242097,736676,3111639,23470,11206504,18135706,731784,0.00,1768.12M,0
20:32:44,27964,242108,736676,3111639,23470,11206504,18135706,731784,459.33,1768.12M,0
20:32:49,27974,242122,736676,3111585,23470,11206504,18135706,731784,0.06,1768.12M,0
20:32:54,28125,242155,736676,3111584,23470,11206504,18135706,731784,434.83,1768.12M,0
20:32:59,27981,242058,736676,3111638,23470,11206504,18135706,731784,0.00,1768.12M,0
20:33:05,14384,254715,736676,3112684,23470,11206504,18135706,731784,449.54,1768.12M,0
20:33:10,23707,228216,736676,3129956,23470,11206504,18135706,731784,1.15,1768.12M,0
20:33:15,28538,242126,736676,3111590,23470,11206504,18135706,731784,441.27,1768.12M,0
20:33:20,27867,223792,736676,3129958,23470,11206504,18135706,731784,0.02,1768.12M,0
20:33:25,28229,242134,736676,3111591,23470,11206504,18135706,731784,6.48,1768.12M,0
20:33:31,27672,251901,736676,3102136,23468,11206504,18135706,731784,0.01,1768.12M,0
20:33:36,25392,244902,736630,3111723,23468,11206504,18135706,731784,244.91,1768.12M,0
20:33:41,25505,244921,736630,3111715,23468,11206504,18135706,731784,0.01,1768.12M,0
20:33:46,22627,244580,736630,3114815,23468,11206504,18135706,731784,139.34,1768.12M,0
20:33:52,26212,244557,736630,3111739,23468,11206504,18135706,731784,0.03,1768.12M,0
20:33:57,26068,244752,736630,3111712,23468,11206504,18135706,731784,51.88,1768.12M,0
20:34:02,8748,244556,736628,3128971,23468,11206504,18135706,731784,0.03,1768.12M,0
20:34:07,19716,253391,736628,3109227,23468,11206504,18135706,731784,117.92,1768.12M,0
20:34:12,22235,248295,736630,3111733,23468,11206504,18135706,731784,0.03,1768.12M,0
20:34:18,25813,244870,736630,3111789,23468,11206504,18135706,731784,339.01,1768.12M,0
20:34:23,25365,244845,736631,3111775,23468,11206504,18135706,731784,0.00,1768.12M,0
20:34:28,22258,244815,736631,3114864,23468,11206504,18135706,731784,456.20,1768.12M,0
20:34:33,28590,223854,736631,3129977,23468,11206504,18135706,731784,0.00,1768.12M,0
20:34:39,24317,246077,736636,3111764,23458,11206536,18135706,731784,443.90,1768.12M,0
20:34:44,24523,246073,736636,3111777,23458,11206536,18135706,731784,0.03,1768.12M,0
20:34:49,23427,245939,736638,3112857,23458,11206536,18135706,731784,436.69,1768.12M,0
20:34:54,23802,246301,736639,3111848,23458,11206536,18135706,731784,0.89,1768.12M,0
20:35:00,23587,246346,736640,3111770,23458,11206536,18135706,731784,437.41,1768.12M,0
20:35:05,11257,259129,736640,3111802,23458,11206536,18135706,731784,0.00,1768.12M,0
20:35:10,19413,250863,736640,3111792,23458,11206536,18135706,731784,454.05,1768.12M,0
20:35:15,22988,246421,736640,3111850,23458,11206536,18135706,731784,0.00,1768.12M,0
20:35:21,23346,246401,736640,3111850,23458,11206536,18135706,731784,8.32,1768.12M,0
