time,therm_warn_lines,swapins
23:00:51,0,175444
23:01:01,0,175444
23:01:11,0,175448
23:01:21,0,175448
23:01:31,0,175448
23:01:41,0,175448
23:01:51,0,175448
23:02:02,0,175448
23:02:12,0,175448
23:02:22,0,175448
23:02:32,0,175448
23:02:42,0,175448
23:02:52,0,175448
23:03:02,0,175448
23:03:12,0,175448
23:03:23,0,175448
23:03:33,0,175448
23:03:43,0,175448
23:03:53,0,175448
23:04:03,0,175448
23:04:13,0,175448
23:04:24,0,175448
23:04:34,0,175448
23:04:44,0,175448
23:04:54,0,175448
23:05:04,0,175448
23:05:14,0,175448
23:05:24,0,175448
23:05:35,0,175448
23:05:45,0,175448
23:05:55,0,175448
23:06:05,0,175448
23:06:15,0,175448
23:06:25,0,175448
23:06:35,0,175448
23:06:46,0,175448
23:06:56,0,175448
23:07:06,0,175448
23:07:16,0,175448
23:07:26,0,175448
23:07:36,0,175448
23:07:46,0,175448
23:07:57,0,175448
23:08:07,0,175448
23:08:17,0,175448
23:08:27,0,175448
23:08:37,0,175448
23:08:47,0,175448
23:08:57,0,175448
23:09:08,0,175448
23:09:18,0,175448
23:09:28,0,175448
23:09:38,0,175448
23:09:48,0,175448
23:09:58,0,175448
23:10:08,0,175448
23:10:18,0,175448
23:10:28,0,175448
23:10:38,0,175448
23:10:48,0,175448
23:10:59,0,175448
23:11:09,0,175448
23:11:19,0,175448
23:11:29,0,175448
23:11:39,0,175448
23:11:49,0,175448
23:12:00,0,175448
23:12:10,0,175448
23:12:20,0,175448
23:12:30,0,175448
23:12:40,0,175448
23:12:50,0,175448
23:13:00,0,175448
23:13:11,0,175448
23:13:21,0,175448
23:13:31,0,175448
23:13:41,0,175452
23:13:51,0,175452
23:14:01,0,175452
23:14:11,0,175452
23:14:21,0,175452
23:14:31,0,175452
23:14:41,0,175452
23:14:52,0,175452
23:15:02,0,175452
23:15:12,0,175452
23:15:22,0,175452
23:15:32,0,175452
23:15:43,0,175452
23:15:53,0,175452
23:16:03,0,175452
23:16:13,0,175452
23:16:23,0,175452
23:16:33,0,175452
23:16:43,0,175452
23:16:53,0,175452
23:17:04,0,175452
23:17:14,0,175452
23:17:24,0,175452
23:17:34,0,175452
23:17:44,0,175452
23:17:54,0,175452
23:18:04,0,175452
23:18:14,0,175452
23:18:25,0,175452
23:18:35,0,175452
23:18:45,0,175452
23:18:55,0,175452
23:19:05,0,175452
23:19:15,0,175452
23:19:26,0,175452
23:19:36,0,175452
23:19:46,0,175452
23:19:56,0,175452
23:20:06,0,175452
23:20:16,0,175452
23:20:26,0,175452
23:20:36,0,175452
23:20:46,0,175452
23:20:57,0,175452
23:21:07,0,175452
23:21:17,0,175452
23:21:27,0,175452
23:21:37,0,175452
23:21:47,0,175452
23:21:57,0,175452
23:22:07,0,175452
23:22:18,0,175452
23:22:28,0,175452
23:22:38,0,175452
23:22:48,0,175452
23:22:58,0,175452
23:23:08,0,175452
23:23:18,0,175452
23:23:29,0,175452
23:23:39,0,175452
23:23:49,0,175452
23:23:59,0,175452
23:24:09,0,175452
23:24:19,0,175452
23:24:29,0,175452
23:24:39,0,175452
23:24:49,0,175452
23:25:00,0,175536
23:25:10,0,175536
23:25:20,0,175536
23:25:30,0,175536
23:25:40,0,175536
23:25:50,0,175536
23:26:01,0,175536
23:26:11,0,175536
23:26:21,0,175536
23:26:31,0,175536
23:26:41,0,175536
23:26:51,0,175536
23:27:01,0,175536
23:27:11,0,175536
23:27:21,0,175536
23:27:32,0,175536
23:27:42,0,175536
23:27:52,0,175536
23:28:02,0,175536
23:28:12,0,175536
23:28:22,0,175536
23:28:32,0,175536
23:28:42,0,175536
23:28:52,0,175540
23:29:03,0,175540
23:29:13,0,175540
23:29:23,0,175540
23:29:33,0,175540
23:29:43,0,175540
23:29:53,0,175540
23:30:04,0,175540
23:30:14,0,175540
23:30:24,0,175544
23:30:34,0,175544
23:30:44,0,175544
23:30:54,0,175544
23:31:04,0,175544
23:31:14,0,175544
23:31:24,0,175544
23:31:35,0,175544
23:31:45,0,175544
23:31:55,0,175544
23:32:05,0,175544
23:32:15,0,175544
23:32:25,0,175544
23:32:35,0,175544
23:32:46,0,175544
23:32:56,0,175544
23:33:06,0,175544
23:33:16,0,175544
23:33:26,0,175544
23:33:36,0,175544
23:33:47,0,175544
23:33:57,0,175544
23:34:07,0,175544
23:34:17,0,175544
23:34:27,0,175544
23:34:37,0,175544
23:34:47,0,175544
23:34:57,0,175544
23:35:07,0,175544
23:35:17,0,175544
23:35:28,0,175544
23:35:38,0,175544
23:35:48,0,175544
23:35:58,0,175544
23:36:08,0,175544
23:36:18,0,175544
23:36:29,0,175544
23:36:39,0,175544
23:36:49,0,175544
23:36:59,0,175548
23:37:09,0,175548
23:37:19,0,175548
23:37:29,0,175548
23:37:40,0,175548
23:37:50,0,175548
23:38:00,0,175548
23:38:10,0,175548
23:38:20,0,175548
23:38:30,0,175548
23:38:40,0,175548
23:38:50,0,175548
23:39:01,0,175548
23:39:11,0,175548
23:39:21,0,175548
23:39:31,0,175548
23:39:41,0,175548
23:39:51,0,175548
23:40:01,0,175548
23:40:11,0,175548
23:40:21,0,175548
23:40:31,0,175548
23:40:41,0,175548
23:40:52,0,175548
23:41:02,0,175548
23:41:12,0,175548
23:41:22,0,175548
23:41:32,0,175548
23:41:42,0,175548
23:41:52,0,175548
23:42:02,0,175548
23:42:12,0,175552
23:42:22,0,175552
23:42:33,0,175552
23:42:43,0,175552
23:42:53,0,175552
23:43:03,0,175552
23:43:13,0,175556
23:43:23,0,175556
23:43:33,0,175556
23:43:43,0,175556
23:43:54,0,175556
23:44:04,0,175556
23:44:14,0,175556
23:44:24,0,175556
23:44:34,0,175556
23:44:44,0,175556
23:44:54,0,175556
23:45:04,0,175556
23:45:14,0,175556
23:45:24,0,175556
23:45:34,0,175556
23:45:45,0,175556
23:45:55,0,175556
23:46:05,0,175556
23:46:15,0,175556
23:46:25,0,175556
23:46:35,0,175556
23:46:45,0,175564
23:46:55,0,175564
23:47:05,0,175564
23:47:16,0,175564
23:47:26,0,175564
23:47:36,0,175564
23:47:46,0,175564
23:47:56,0,175564
23:48:06,0,175564
23:48:16,0,175564
23:48:26,0,175564
23:48:36,0,175564
23:48:46,0,175564
23:48:57,0,175564
23:49:07,0,175564
23:49:17,0,175564
23:49:27,0,175564
23:49:37,0,175568
23:49:47,0,175568
23:49:57,0,175580
23:50:08,0,175580
23:50:18,0,175584
23:50:28,0,175584
23:50:38,0,175584
23:50:48,0,175584
23:50:58,0,175584
23:51:08,0,175584
23:51:18,0,175584
23:51:28,0,175584
23:51:39,0,175584
23:51:49,0,175584
23:51:59,0,175584
23:52:09,0,175584
23:52:19,0,175588
23:52:29,0,175592
23:52:39,0,175592
23:52:49,0,175592
23:52:59,0,175592
23:53:10,0,175592
23:53:20,0,175592
23:53:30,0,175592
23:53:40,0,175592
23:53:50,0,175592
23:54:00,0,175592
23:54:10,0,175592
23:54:20,0,175592
23:54:30,0,175592
23:54:40,0,175592
23:54:50,0,175592
23:55:01,0,175592
23:55:11,0,175592
23:55:21,0,175592
23:55:31,0,175592
23:55:41,0,175596
23:55:51,0,175596
23:56:01,0,175596
23:56:11,0,175600
23:56:21,0,175600
23:56:31,0,175600
23:56:41,0,175600
23:56:51,0,175600
23:57:02,0,175600
23:57:12,0,175600
23:57:22,0,175600
23:57:32,0,175600
23:57:42,0,175600
23:57:52,0,175600
23:58:02,0,175600
23:58:12,0,175600
23:58:23,0,175600
23:58:33,0,175600
23:58:43,0,175600
23:58:53,0,175600
23:59:03,0,175600
23:59:13,0,175600
23:59:23,0,175600
23:59:33,0,175600
23:59:43,0,175600
23:59:53,0,175600
00:00:03,0,175657
00:00:14,0,175657
00:00:24,0,175657
00:00:34,0,175657
00:00:44,0,175661
00:00:54,0,175661
00:01:04,0,176072
00:01:14,0,176072
00:01:24,0,176072
00:01:35,0,176072
00:01:45,0,176072
00:01:55,0,176072
00:02:05,0,176072
00:02:15,0,176072
00:02:25,0,176072
00:02:35,0,176072
00:02:45,0,176076
00:02:55,0,176076
00:03:05,0,176076
00:03:15,0,176076
00:03:25,0,176076
00:03:35,0,176076
00:03:46,0,176076
00:03:56,0,176076
00:04:06,0,176076
00:04:16,0,176076
00:04:26,0,176076
00:04:37,0,176076
00:04:47,0,176076
00:04:57,0,176076
00:05:07,0,176076
00:05:17,0,176076
00:05:27,0,176076
00:05:38,0,176076
00:05:48,0,176076
00:05:58,0,176076
00:06:08,0,176076
00:06:18,0,176076
00:06:28,0,176076
00:06:38,0,176076
00:06:48,0,176076
00:06:59,0,176076
00:07:09,0,176076
00:07:19,0,176076
00:07:29,0,176076
00:07:39,0,176076
00:07:49,0,176076
00:07:59,0,176076
00:08:09,0,176076
00:08:19,0,176076
00:08:29,0,176076
00:08:40,0,176076
00:08:50,0,176076
00:09:00,0,176076
00:09:10,0,176076
00:09:20,0,176076
00:09:30,0,176076
00:09:40,0,176076
00:09:50,0,176076
00:10:01,0,176076
00:10:11,0,176076
00:10:21,0,176076
00:10:31,0,176076
00:10:41,0,176076
00:10:51,0,176076
00:11:01,0,176076
00:11:11,0,176076
00:11:21,0,176076
00:11:31,0,176076
00:11:41,0,176076
00:11:51,0,176076
00:12:02,0,176076
00:12:12,0,176076
00:12:22,0,176076
00:12:32,0,176076
00:12:42,0,176076
00:12:52,0,176076
00:13:02,0,176076
00:13:12,0,176076
00:13:23,0,176076
00:13:33,0,176076
00:13:43,0,176076
00:13:53,0,176076
00:14:03,0,176076
00:14:13,0,176076
00:14:23,0,176076
00:14:33,0,176076
00:14:43,0,176076
00:14:53,0,176076
00:15:03,0,176076
00:15:13,0,176076
00:15:24,0,176076
00:15:34,0,176076
00:15:44,0,176076
00:15:54,0,176076
00:16:04,0,176076
00:16:14,0,176076
00:16:24,0,176076
00:16:34,0,176076
00:16:44,0,176076
00:16:55,0,176076
00:17:05,0,176076
00:17:15,0,176076
00:17:25,0,176076
00:17:35,0,176076
00:17:45,0,176076
00:17:55,0,176076
00:18:05,0,176076
00:18:15,0,176076
00:18:25,0,176076
00:18:36,0,176076
00:18:46,0,176076
00:18:56,0,176076
00:19:06,0,176076
00:19:16,0,176076
00:19:26,0,176076
00:19:36,0,176076
00:19:46,0,176076
00:19:57,0,176076
00:20:07,0,176076
00:20:17,0,176080
00:20:27,0,176080
00:20:37,0,176080
00:20:47,0,176080
00:20:57,0,176080
00:21:07,0,176080
00:21:17,0,176080
00:21:27,0,176080
00:21:38,0,176080
00:21:48,0,176080
00:21:58,0,176080
00:22:08,0,176080
00:22:18,0,176080
00:22:28,0,176080
00:22:38,0,176080
00:22:48,0,176080
00:22:58,0,176080
00:23:09,0,176080
00:23:19,0,176080
00:23:29,0,176080
00:23:39,0,176080
00:23:49,0,176080
00:23:59,0,176080
00:24:09,0,176080
00:24:19,0,176080
00:24:30,0,176080
00:24:40,0,176080
00:24:50,0,176080
00:25:00,0,176080
00:25:10,0,176080
00:25:20,0,176080
00:25:30,0,176080
00:25:40,0,176080
00:25:51,0,176080
00:26:01,0,176080
00:26:11,0,176080
00:26:21,0,176080
00:26:31,0,176080
00:26:41,0,176080
00:26:52,0,176080
00:27:02,0,176080
00:27:12,0,176080
00:27:22,0,176080
00:27:32,0,176080
00:27:42,0,176080
00:27:52,0,176080
00:28:02,0,176080
00:28:12,0,176084
00:28:22,0,176084
00:28:33,0,176084
00:28:43,0,176084
00:28:53,0,176084
00:29:03,0,176084
00:29:13,0,176084
00:29:23,0,176084
00:29:33,0,176084
00:29:43,0,176084
00:29:54,0,176084
00:30:04,0,176092
00:30:14,0,176092
00:30:24,0,176092
00:30:34,0,176092
00:30:44,0,176092
00:30:54,0,176092
00:31:04,0,176092
00:31:15,0,176092
00:31:25,0,176092
00:31:35,0,176092
00:31:45,0,176092
00:31:55,0,176092
00:32:05,0,176092
00:32:16,0,176092
00:32:26,0,176096
00:32:36,0,176096
00:32:46,0,176096
00:32:56,0,176096
00:33:06,0,176096
00:33:17,0,176096
00:33:27,0,176096
00:33:37,0,176096
00:33:47,0,176096
00:33:57,0,176096
00:34:07,0,176096
00:34:17,0,176096
00:34:27,0,176096
00:34:38,0,176096
00:34:48,0,176096
00:34:58,0,176096
00:35:08,0,176096
00:35:18,0,176096
00:35:28,0,176096
00:35:38,0,176096
00:35:49,0,176096
00:35:59,0,176096
00:36:09,0,176096
00:36:19,0,176096
00:36:29,0,176096
00:36:39,0,176096
00:36:49,0,176096
00:36:59,0,176096
00:37:09,0,176096
00:37:19,0,176096
00:37:30,0,176100
00:37:40,0,176100
00:37:50,0,176100
00:38:00,0,176100
00:38:10,0,176100
00:38:20,0,176100
00:38:30,0,176100
00:38:40,0,176100
00:38:50,0,176100
00:39:01,0,176104
00:39:11,0,176104
00:39:21,0,176104
00:39:31,0,176104
00:39:41,0,176104
00:39:51,0,176104
00:40:01,0,176104
00:40:11,0,176104
00:40:21,0,176104
00:40:32,0,176104
00:40:42,0,176104
00:40:52,0,176104
00:41:02,0,176104
00:41:12,0,176104
00:41:22,0,176104
00:41:32,0,176104
00:41:42,0,176104
00:41:52,0,176104
00:42:02,0,176104
00:42:13,0,176104
00:42:23,0,176104
00:42:33,0,176104
00:42:43,0,176104
00:42:53,0,176104
00:43:03,0,176104
00:43:13,0,176112
00:43:24,0,176112
00:43:34,0,176112
00:43:44,0,176112
00:43:54,0,176112
00:44:04,0,176112
00:44:14,0,176112
00:44:24,0,176112
00:44:34,0,176112
00:44:44,0,176112
00:44:55,0,176112
00:45:05,0,176112
00:45:15,0,176112
00:45:25,0,176112
00:45:35,0,176112
00:45:45,0,176112
00:45:55,0,176112
00:46:05,0,176112
00:46:15,0,176112
00:46:25,0,176112
00:46:36,0,176112
00:46:46,0,176112
00:46:56,0,176112
00:47:06,0,176112
00:47:16,0,176112
00:47:26,0,176112
00:47:36,0,176112
00:47:46,0,176112
00:47:56,0,176116
00:48:07,0,176116
00:48:17,0,176116
00:48:27,0,176120
00:48:37,0,176120
00:48:47,0,176120
00:48:57,0,176120
00:49:07,0,176120
00:49:17,0,176120
00:49:27,0,176120
00:49:38,0,176120
00:49:48,0,176120
00:49:58,0,176120
00:50:08,0,176120
00:50:18,0,176120
00:50:28,0,176120
00:50:38,0,176120
00:50:48,0,176120
00:50:58,0,176120
00:51:09,0,176120
00:51:19,0,176120
00:51:29,0,176120
00:51:39,0,176120
00:51:49,0,176120
00:51:59,0,176120
00:52:09,0,176120
00:52:19,0,176120
00:52:30,0,176120
00:52:40,0,176120
00:52:50,0,176120
00:53:00,0,176120
00:53:10,0,176120
00:53:20,0,176120
00:53:30,0,176120
00:53:40,0,176120
00:53:50,0,176120
00:54:00,0,176120
00:54:10,0,176120
00:54:21,0,176120
00:54:31,0,176120
00:54:41,0,176120
00:54:51,0,176120
00:55:01,0,176120
00:55:11,0,176120
00:55:21,0,176120
00:55:32,0,176120
00:55:42,0,176120
00:55:52,0,176120
00:56:02,0,176120
00:56:12,0,176120
00:56:22,0,176120
00:56:32,0,176120
00:56:42,0,176120
00:56:52,0,176120
00:57:02,0,176120
00:57:13,0,176120
00:57:23,0,176120
00:57:33,0,176120
00:57:43,0,176132
00:57:53,0,176132
00:58:03,0,176132
00:58:13,0,176132
00:58:23,0,176132
00:58:34,0,176132
00:58:44,0,176132
00:58:54,0,176132
00:59:04,0,176132
00:59:14,0,176132
00:59:24,0,176132
00:59:35,0,176132
00:59:45,0,176132
00:59:55,0,176132
01:00:05,0,176132
01:00:15,0,176164
01:00:26,0,176164
01:00:36,0,176164
01:00:46,0,176164
01:00:56,0,176164
01:01:06,0,176164
01:01:16,0,176164
01:01:26,0,176164
01:01:36,0,176164
01:01:46,0,176164
01:01:57,0,176164
01:02:07,0,176164
01:02:17,0,176164
01:02:27,0,176164
01:02:37,0,176164
01:02:47,0,176164
01:02:57,0,176164
01:03:07,0,176164
01:03:17,0,176164
01:03:28,0,176164
01:03:38,0,176164
01:03:48,0,176164
01:03:58,0,176164
01:04:08,0,176164
01:04:18,0,176164
01:04:28,0,176164
01:04:38,0,176164
01:04:48,0,176164
01:04:59,0,176164
01:05:09,0,176164
01:05:19,0,176164
01:05:29,0,176164
01:05:39,0,176164
01:05:49,0,176164
01:05:59,0,176164
01:06:09,0,176164
01:06:19,0,176164
01:06:30,0,176164
01:06:40,0,176164
01:06:50,0,176164
01:07:00,0,176164
01:07:10,0,176164
01:07:20,0,176164
01:07:30,0,176164
01:07:40,0,176164
01:07:50,0,176164
01:08:01,0,176164
01:08:11,0,176164
01:08:21,0,176164
01:08:31,0,176164
01:08:41,0,176164
01:08:51,0,176164
01:09:01,0,176164
01:09:11,0,176164
01:09:21,0,176164
01:09:32,0,176164
01:09:42,0,176164
01:09:52,0,176164
01:10:02,0,176164
01:10:12,0,176164
01:10:22,0,176164
01:10:32,0,176164
01:10:42,0,176168
01:10:52,0,176168
01:11:02,0,176168
01:11:13,0,176168
01:11:23,0,176168
01:11:33,0,176172
01:11:43,0,176172
01:11:53,0,176172
01:12:03,0,176172
01:12:13,0,176172
01:12:23,0,176172
01:12:33,0,176172
01:12:43,0,176172
01:12:54,0,176172
01:13:04,0,176172
01:13:14,0,176172
01:13:24,0,176172
01:13:34,0,176172
01:13:44,0,176172
01:13:54,0,176172
01:14:04,0,176172
01:14:14,0,176172
01:14:24,0,176172
01:14:35,0,176172
01:14:45,0,176172
01:14:55,0,176172
01:15:05,0,176172
01:15:15,0,176172
01:15:25,0,176172
01:15:35,0,176172
01:15:45,0,176172
01:15:56,0,176172
01:16:06,0,176172
01:16:16,0,176172
01:16:26,0,176172
01:16:36,0,176172
01:16:46,0,176172
01:16:56,0,176172
01:17:06,0,176172
01:17:16,0,176172
01:17:27,0,176172
01:17:37,0,176172
01:17:47,0,176172
01:17:57,0,176172
01:18:07,0,176172
01:18:17,0,176172
01:18:27,0,176172
01:18:37,0,176172
01:18:47,0,176172
01:18:57,0,176172
01:19:08,0,176172
01:19:18,0,176172
01:19:28,0,176172
01:19:38,0,176172
01:19:48,0,176172
01:19:58,0,176172
01:20:08,0,176172
01:20:18,0,176172
01:20:28,0,176172
01:20:39,0,176172
01:20:49,0,176172
01:20:59,0,176172
01:21:09,0,176172
01:21:19,0,176172
01:21:29,0,176172
01:21:39,0,176172
01:21:49,0,176172
01:21:59,0,176172
01:22:09,0,176172
01:22:20,0,176172
01:22:30,0,176172
01:22:40,0,176172
01:22:50,0,176172
01:23:00,0,176172
01:23:10,0,176172
01:23:20,0,176172
01:23:30,0,176172
01:23:41,0,176172
01:23:51,0,176172
01:24:01,0,176172
01:24:11,0,176172
01:24:21,0,176172
01:24:31,0,176172
01:24:41,0,176172
01:24:51,0,176172
01:25:01,0,176172
01:25:11,0,176172
01:25:21,0,176172
01:25:31,0,176172
01:25:41,0,176172
01:25:52,0,176172
01:26:02,0,176172
01:26:12,0,176172
01:26:22,0,176172
01:26:32,0,176172
01:26:42,0,176172
01:26:52,0,176172
01:27:02,0,176172
01:27:12,0,176172
01:27:23,0,176172
01:27:33,0,176172
01:27:43,0,176172
01:27:53,0,176172
01:28:03,0,176172
01:28:13,0,176172
01:28:24,0,176172
01:28:34,0,176172
01:28:44,0,176172
01:28:54,0,176172
01:29:04,0,176180
01:29:14,0,176180
01:29:25,0,176180
01:29:35,0,176180
01:29:45,0,176180
01:29:55,0,176180
01:30:05,0,176180
01:30:15,0,176180
01:30:25,0,176180
01:30:35,0,176180
01:30:45,0,176180
01:30:55,0,176180
01:31:06,0,176180
01:31:16,0,176180
01:31:26,0,176180
01:31:36,0,176180
01:31:46,0,176180
01:31:56,0,176180
01:32:06,0,176180
01:32:16,0,176240
01:32:26,0,176240
01:32:37,0,176240
01:32:47,0,176240
01:32:57,0,176240
01:33:07,0,176240
01:33:17,0,176240
01:33:27,0,176240
01:33:37,0,176240
01:33:47,0,176240
01:33:58,0,176240
01:34:08,0,176240
01:34:18,0,176240
01:34:28,0,176240
01:34:38,0,176240
01:34:48,0,176240
01:34:58,0,176240
01:35:08,0,176240
01:35:18,0,176240
01:35:29,0,176240
01:35:39,0,176240
01:35:49,0,176240
01:35:59,0,176240
01:36:09,0,176240
01:36:19,0,176240
01:36:29,0,176240
01:36:39,0,176240
01:36:49,0,176240
01:36:59,0,176240
01:37:09,0,176240
01:37:20,0,176244
01:37:30,0,176244
01:37:40,0,176244
01:37:50,0,176244
01:38:00,0,176244
01:38:10,0,176244
01:38:20,0,176244
01:38:30,0,176288
01:38:41,0,176288
01:38:51,0,176288
01:39:01,0,176288
01:39:11,0,176288
01:39:21,0,176288
01:39:31,0,176288
01:39:41,0,176288
01:39:51,0,176288
01:40:01,0,176288
01:40:11,0,176288
01:40:21,0,176288
01:40:32,0,176292
01:40:42,0,176292
01:40:52,0,176292
01:41:02,0,176292
01:41:12,0,176292
01:41:22,0,176292
01:41:32,0,176292
01:41:42,0,176292
01:41:52,0,176292
01:42:03,0,176292
01:42:13,0,176292
01:42:23,0,176292
01:42:33,0,176292
01:42:43,0,176292
01:42:53,0,176292
01:43:03,0,176292
01:43:13,0,176292
01:43:23,0,176292
01:43:34,0,176292
01:43:44,0,176292
01:43:54,0,176292
01:44:04,0,176292
01:44:14,0,176308
01:44:24,0,176308
01:44:34,0,176404
01:44:44,0,176436
01:44:54,0,176448
01:45:05,0,176560
01:45:15,0,176560
01:45:25,0,176560
01:45:35,0,176564
01:45:45,0,176564
01:45:55,0,176564
01:46:05,0,176564
01:46:15,0,176564
01:46:25,0,176608
01:46:35,0,176612
01:46:46,0,176640
01:46:56,0,176640
01:47:06,0,176640
01:47:16,0,176644
01:47:26,0,176644
01:47:36,0,176644
01:47:46,0,176644
01:47:56,0,176644
01:48:07,0,176644
01:48:17,0,176648
01:48:27,0,176648
01:48:37,0,176648
01:48:47,0,176648
01:48:57,0,176648
01:49:07,0,176648
01:49:17,0,176648
01:49:27,0,176648
01:49:37,0,176648
01:49:47,0,176648
01:49:57,0,176648
01:50:08,0,176652
01:50:18,0,176656
01:50:28,0,176656
01:50:38,0,176656
01:50:48,0,176656
01:50:58,0,176656
01:51:08,0,176656
01:51:18,0,176656
01:51:28,0,176656
01:51:38,0,176656
01:51:49,0,176656
01:51:59,0,176656
01:52:09,0,176656
01:52:19,0,176656
01:52:29,0,176656
01:52:39,0,176664
01:52:49,0,176664
01:52:59,0,176664
01:53:10,0,176664
01:53:20,0,176664
01:53:30,0,176664
01:53:40,0,176664
01:53:50,0,176664
01:54:00,0,176664
01:54:10,0,176664
01:54:20,0,176664
01:54:30,0,176664
01:54:40,0,176664
01:54:50,0,176664
01:55:01,0,176664
01:55:11,0,176664
01:55:21,0,176664
01:55:31,0,176664
01:55:41,0,176664
01:55:51,0,176664
01:56:02,0,176664
01:56:12,0,176664
01:56:22,0,176664
01:56:32,0,176664
01:56:42,0,176664
01:56:52,0,176672
01:57:03,0,176672
01:57:13,0,176672
01:57:23,0,176672
01:57:33,0,176672
01:57:43,0,176672
01:57:53,0,176672
01:58:03,0,176672
01:58:13,0,176672
01:58:23,0,176672
01:58:34,0,176672
01:58:44,0,176672
01:58:54,0,176672
01:59:04,0,176672
01:59:14,0,176672
01:59:24,0,176672
01:59:34,0,176672
01:59:44,0,176672
01:59:54,0,176672
02:00:05,0,176672
02:00:15,0,176672
02:00:25,0,176672
02:00:35,0,176672
02:00:45,0,176672
02:00:55,0,176672
02:01:05,0,176672
02:01:15,0,176672
02:01:26,0,176672
02:01:36,0,176672
02:01:46,0,176672
02:01:56,0,176672
02:02:06,0,176672
02:02:16,0,176672
02:02:26,0,176672
02:02:36,0,176672
02:02:46,0,176676
02:02:57,0,176676
02:03:07,0,176676
02:03:17,0,176676
02:03:27,0,176676
02:03:37,0,176676
02:03:47,0,176676
02:03:57,0,176676
02:04:07,0,176676
02:04:18,0,176676
02:04:28,0,176676
02:04:38,0,176676
02:04:48,0,176676
02:04:58,0,176676
02:05:08,0,176676
02:05:18,0,176676
02:05:28,0,176676
02:05:38,0,176676
02:05:49,0,176676
02:05:59,0,176676
02:06:09,0,176676
02:06:19,0,176676
02:06:29,0,176676
02:06:39,0,176676
02:06:49,0,176676
02:06:59,0,176676
02:07:09,0,176676
02:07:19,0,176676
02:07:30,0,176676
02:07:40,0,176676
02:07:50,0,176676
02:08:00,0,176676
02:08:10,0,176676
02:08:20,0,176676
02:08:30,0,176676
02:08:40,0,176676
02:08:51,0,176676
02:09:01,0,176676
02:09:11,0,176676
02:09:21,0,176676
02:09:31,0,176676
02:09:41,0,176676
02:09:51,0,176684
02:10:01,0,176692
02:10:11,0,176840
02:10:21,0,176844
02:10:31,0,176844
02:10:41,0,177168
02:10:51,0,177472
02:11:02,0,177532
02:11:12,0,177548
02:11:22,0,177612
02:11:32,0,177612
02:11:42,0,177612
02:11:52,0,177616
02:12:02,0,177616
02:12:12,0,177620
02:12:23,0,177660
02:12:33,0,177716
02:12:43,0,177716
02:12:53,0,177716
02:13:03,0,177716
02:13:13,0,177720
02:13:23,0,177720
02:13:33,0,177728
02:13:43,0,177736
02:13:53,0,177744
02:14:03,0,177744
02:14:13,0,177748
02:14:24,0,177748
02:14:34,0,177752
02:14:44,0,177752
02:14:54,0,177752
02:15:04,0,177752
02:15:14,0,177756
02:15:24,0,177756
02:15:34,0,177804
02:15:44,0,177804
02:15:54,0,177836
02:16:05,0,177880
02:16:15,0,177880
02:16:25,0,177884
02:16:35,0,177884
02:16:45,0,177884
02:16:55,0,177884
02:17:05,0,177884
02:17:16,0,177884
02:17:26,0,177884
02:17:36,0,177884
02:17:46,0,177884
02:17:56,0,177884
02:18:06,0,177884
02:18:16,0,177884
02:18:26,0,177884
02:18:36,0,177884
02:18:46,0,177884
02:18:56,0,177884
02:19:06,0,177892
02:19:16,0,177892
02:19:27,0,177904
02:19:37,0,177904
02:19:47,0,177904
02:19:57,0,177904
02:20:07,0,177904
02:20:17,0,177904
02:20:27,0,177904
02:20:37,0,177904
02:20:48,0,177904
02:20:58,0,177904
02:21:08,0,177904
02:21:18,0,177924
02:21:28,0,177924
02:21:38,0,177924
02:21:48,0,177924
02:21:58,0,177924
02:22:08,0,177924
02:22:18,0,177924
02:22:28,0,177924
02:22:38,0,177928
02:22:48,0,177928
02:22:59,0,177928
02:23:09,0,177928
02:23:19,0,177928
02:23:29,0,177928
02:23:39,0,177928
02:23:49,0,177928
02:24:00,0,177928
02:24:10,0,177928
02:24:20,0,177928
02:24:30,0,177928
02:24:40,0,177928
02:24:50,0,177928
02:25:01,0,177936
02:25:11,0,177936
02:25:21,0,177936
